term_id	term	Binom_Genome_Fraction	Binom_Expected	observed_genes	fold_enrichment	Binom_Region_Set_Coverage	pval	fdr	Hyper_Total_Genes	Hyper_Expected	Hyper_Observed_Gene_Hits	Hyper_Fold_Enrichment	Hyper_Gene_Set_Coverage	Hyper_Term_Gene_Coverage	Hyper_Raw_PValue	Hyper_Adjp_BH
GO:0035976	transcription factor AP-1 complex	0.0003156216	7.864344	53	6.739278	0.002127062	2.981514e-26	1.4720160548571428e-24	5	2.596261	5	1.925846	0.0005128205	1.0	0.03772922	0.2109905895145631
GO:0005761	mitochondrial ribosome	0.003166149	78.89094	182	2.306982	0.00730425	2.123832e-23	9.657846568421052e-22	85	44.13644	57	1.29145	0.005846154	0.6705882	0.00330311	0.032072544
GO:0005677	chromatin silencing complex	0.0003560917	8.872738	49	5.522535	0.001966529	7.727189e-21	3.307260503414634e-19	8	4.154018	7	1.685115	0.0007179487	0.875	0.04439473	0.230372652972973
GO:0008537	proteasome activator complex	9.025843e-06	0.2248969	14	62.25074	0.0005618654	7.847088e-21	3.307260503414634e-19	3	1.557757	2	1.283897	0.0002051282	0.6666667	0.5288657	0.8226664241563055
GO:0016469	proton-transporting two-sector ATPase complex	0.002684778	66.8966	156	2.331957	0.006260786	1.016877e-20	4.183722514285714e-19	53	27.52037	36	1.308122	0.003692308	0.6792453	0.01329109	0.1016239093805309
GO:0000220	vacuolar proton-transporting V-type ATPase, V0 domain	0.0001646111	4.101615	34	8.289419	0.00136453	4.318644e-20	1.7354922865116278e-18	6	3.115514	6	1.925846	0.0006153846	1.0	0.01958615	0.1348401083665338
GO:0099078	BORC complex	0.00013149	3.276337	31	9.461787	0.001244131	4.7794969999999997e-20	1.870995456e-18	8	4.154018	8	1.925846	0.0008205128	1.0	0.00527749	0.047746087539267
GO:0005758	mitochondrial intermembrane space	0.003879722	96.67104	199	2.058528	0.007986515	4.872384e-20	1.870995456e-18	78	40.50168	50	1.234517	0.005128205	0.6410256	0.019928	0.1366491428571428
GO:0070557	PCNA-p21 complex	3.779246e-05	0.9416748	20	21.23875	0.0008026648	5.0096129999999996e-20	1.881872013913044e-18	2	1.038505	2	1.925846	0.0002051282	1.0	0.2696096	0.6329964521739131
GO:0098799	outer mitochondrial membrane protein complex	0.0006256334	15.58891	63	4.041335	0.002528394	1.51776e-19	5.2453785600000004e-18	15	7.788784	12	1.540677	0.001230769	0.8	0.02501972	0.1613211797014925
GO:0005742	mitochondrial outer membrane translocase complex	0.0005012303	12.48915	56	4.48389	0.002247462	1.6618949999999998e-19	5.630891294117648e-18	11	5.711775	9	1.575692	0.0009230769	0.8181818	0.04311199	0.230372652972973
GO:0042719	mitochondrial intermembrane space protein transporter complex	0.0001023357	2.549898	27	10.58866	0.001083598	7.379496999999999e-19	2.4522636184615386e-17	5	2.596261	5	1.925846	0.0005128205	1.0	0.03772922	0.2109905895145631
GO:1990630	IRE1-RACK1-PP2A complex	9.273386e-05	2.31065	26	11.25225	0.001043464	7.620445999999999e-19	2.4845529599999998e-17	2	1.038505	2	1.925846	0.0002051282	1.0	0.2696096	0.6329964521739131
GO:0030137	COPI-coated vesicle	0.001301985	32.44156	94	2.897518	0.003772525	1.1625900000000001e-18	3.7202880000000005e-17	23	11.9428	21	1.758381	0.002153846	0.9130435	6.741512e-05	0.0010401189942857
GO:0033179	proton-transporting V-type ATPase, V0 domain	0.0004242987	10.57225	49	4.634775	0.001966529	7.917139e-18	2.4874211258181823e-16	10	5.192523	9	1.733262	0.0009230769	0.9	0.01459702	0.1077933784615384
GO:0005762	mitochondrial large ribosomal subunit	0.001881872	46.8906	112	2.388538	0.004494923	4.964986e-16	1.4541518318644073e-14	51	26.48187	35	1.321659	0.003589744	0.6862745	0.01150098	0.0891197015246636
GO:1990332	Ire1 complex	8.053748e-05	2.006752	22	10.96299	0.0008829313	5.871306e-16	1.6909361280000002e-14	1	0.5192523	1	1.925846	0.0001025641	1.0	0.5192523	0.8226664241563055
GO:0097525	spliceosomal snRNP complex	0.002803648	69.85849	145	2.075625	0.00581932	2.500128e-15	6.7503456e-14	62	32.19364	42	1.304605	0.004307692	0.6774194	0.008366635	0.0695074292307692
GO:0034663	endoplasmic reticulum chaperone complex	0.000388757	9.686658	42	4.335861	0.001685596	1.465222e-14	3.669425530434783e-13	11	5.711775	9	1.575692	0.0009230769	0.8181818	0.04311199	0.230372652972973
GO:0035102	PRC1 complex	0.0004287161	10.68232	44	4.118955	0.001765863	2.017174e-14	4.979538102857143e-13	12	6.231027	8	1.283897	0.0008205128	0.6666667	0.2331256	0.6329964521739131
GO:0005869	dynactin complex	0.000199136	4.961872	30	6.046105	0.001203997	2.294968e-14	5.585499583098591e-13	9	4.67327	6	1.283897	0.0006153846	0.6666667	0.2931803	0.6745879605858854
GO:0002199	zona pellucida receptor complex	0.0001608527	4.007966	27	6.736584	0.001083598	3.660763e-14	8.665477347945205e-13	9	4.67327	7	1.49788	0.0007179487	0.7777778	0.1102348	0.4290219243243243
GO:0008024	cyclin/CDK positive transcription elongation factor complex	0.0004371364	10.89213	44	4.039615	0.001765863	3.872886e-14	9.043712172972973e-13	8	4.154018	7	1.685115	0.0007179487	0.875	0.04439473	0.230372652972973
GO:0048476	Holliday junction resolvase complex	5.901673e-05	1.47052	18	12.24057	0.0007223984	4.000196e-14	9.216451584e-13	5	2.596261	5	1.925846	0.0005128205	1.0	0.03772922	0.2109905895145631
GO:0016281	eukaryotic translation initiation factor 4F complex	0.0004860897	12.1119	46	3.797918	0.001846129	8.822818e-14	1.9799778576623378e-12	9	4.67327	9	1.925846	0.0009230769	1.0	0.002739267	0.0276810138947368
GO:0033177	proton-transporting two-sector ATPase complex, proton-transporting domain	0.001021907	25.46285	71	2.788377	0.00284946	1.002911e-13	2.2218336e-12	23	11.9428	15	1.255987	0.001538462	0.6521739	0.1426312	0.45676128
GO:0005666	DNA-directed RNA polymerase III complex	0.0005435719	13.54418	48	3.543957	0.001926396	3.000411e-13	6.48088776e-12	19	9.865793	14	1.419045	0.001435897	0.7368421	0.04563831	0.2354119393432835
GO:0043626	PCNA complex	4.608746e-06	0.1148361	8	69.6645	0.0003210659	6.765979e-13	1.4086279171084335e-11	1	0.5192523	1	1.925846	0.0001025641	1.0	0.5192523	0.8226664241563055
GO:0033176	proton-transporting V-type ATPase complex	0.001714623	42.72327	97	2.270426	0.003892925	7.201012e-13	1.4813510400000002e-11	27	14.01981	23	1.640536	0.002358974	0.8518519	0.0003185302	0.0042340014276923
GO:0030906	retromer, cargo-selective complex	7.329332e-05	1.82625	18	9.856265	0.0007223984	1.412883e-12	2.80627795862069e-11	4	2.077009	4	1.925846	0.0004102564	1.0	0.07267502	0.318891786395939
GO:0031306	intrinsic component of mitochondrial outer membrane	0.001208065	30.10135	75	2.491582	0.003009993	4.224067e-12	8.110208639999999e-11	23	11.9428	15	1.255987	0.001538462	0.6521739	0.1426312	0.45676128
GO:0002944	cyclin K-CDK12 complex	9.438584e-05	2.351812	19	8.078877	0.0007625316	1.00429e-11	1.826750652631579e-10	2	1.038505	2	1.925846	0.0002051282	1.0	0.2696096	0.6329964521739131
GO:0070552	BRISC complex	0.0001499042	3.735164	23	6.157695	0.0009230646	1.578575e-11	2.8121418556701027e-10	5	2.596261	5	1.925846	0.0005128205	1.0	0.03772922	0.2109905895145631
GO:0031307	integral component of mitochondrial outer membrane	0.001181271	29.43372	72	2.446174	0.002889593	2.471092e-11	4.3131787636363625e-10	22	11.42355	14	1.225538	0.001435897	0.6363636	0.1880732	0.5713448910683012
GO:0019908	nuclear cyclin-dependent protein kinase holoenzyme complex	0.0009137043	22.76677	60	2.63542	0.002407995	6.591673e-11	1.1167069552941175e-09	16	8.308036	12	1.444385	0.001230769	0.75	0.05300239	0.2656450393043478
GO:0034098	VCP-NPL4-UFD1 AAA ATPase complex	0.0005527513	13.7729	44	3.194679	0.001765863	7.246644e-11	1.215747653592233e-09	10	5.192523	10	1.925846	0.001025641	1.0	0.001421739	0.0162507486315789
GO:0097543	ciliary inversin compartment	5.17552e-06	0.1289584	7	54.28105	0.0002809327	1.05052e-10	1.7454793846153851e-09	1	0.5192523	1	1.925846	0.0001025641	1.0	0.5192523	0.8226664241563055
GO:0071001	U4/U6 snRNP	7.484386e-05	1.864885	16	8.579619	0.0006421319	1.771646e-10	2.7830948072727275e-09	3	1.557757	3	1.925846	0.0003076923	1.0	0.1399816	0.4529741662921349
GO:0016471	vacuolar proton-transporting V-type ATPase complex	0.001161417	28.93903	69	2.384323	0.002769194	1.80269e-10	2.806349837837838e-09	20	10.38505	16	1.540677	0.001641026	0.8	0.009404772	0.0759413365233644
GO:0030663	COPI-coated vesicle membrane	0.001041546	25.95221	64	2.466072	0.002568528	2.182156e-10	3.3667549714285713e-09	16	8.308036	14	1.685115	0.001435897	0.875	0.003303769	0.032072544
GO:0034998	oligosaccharyltransferase I complex	1.496489e-05	0.3728802	9	24.13644	0.0003611992	2.743408e-10	4.195229224778761e-09	1	0.5192523	1	1.925846	0.0001025641	1.0	0.5192523	0.8226664241563055
GO:1990617	CHOP-ATF4 complex	2.126137e-05	0.5297695	10	18.87613	0.0004013324	2.962598e-10	4.490674863157894e-09	2	1.038505	2	1.925846	0.0002051282	1.0	0.2696096	0.6329964521739131
GO:0045259	proton-transporting ATP synthase complex	0.0009270785	23.10002	59	2.554111	0.002367861	2.99399e-10	4.498795408695652e-09	24	12.46205	13	1.043167	0.001333333	0.5416667	0.494897	0.8226664241563055
GO:1990604	IRE1-TRAF2-ASK1 complex	0.0002252607	5.612822	26	4.632251	0.001043464	3.40542e-10	5.072901517241379e-09	4	2.077009	3	1.444385	0.0003076923	0.75	0.3419014	0.7348328597014926
GO:0032040	small-subunit processome	0.001610123	40.11943	84	2.093748	0.003371192	9.875791e-10	1.4340644410084031e-08	35	18.17383	22	1.210532	0.00225641	0.6285714	0.1297537	0.4529741662921349
GO:1902555	endoribonuclease complex	0.001544168	38.47604	81	2.105206	0.003250793	1.523298e-09	2.1935491200000002e-08	29	15.05832	18	1.195353	0.001846154	0.6206897	0.1821581	0.5578604856637168
GO:0000275	mitochondrial proton-transporting ATP synthase complex, catalytic core F(1)	5.241661e-05	1.306065	13	9.953565	0.0005217322	1.538784e-09	2.1975361586776862e-08	5	2.596261	3	1.155508	0.0003076923	0.6	0.5360662	0.8226664241563055
GO:0055028	cortical microtubule	7.727197e-06	0.1925386	7	36.35635	0.0002809327	1.643541e-09	2.308974673170732e-08	1	0.5192523	1	1.925846	0.0001025641	1.0	0.5192523	0.8226664241563055
GO:1905720	cytoplasmic microtubule bundle	7.727197e-06	0.1925386	7	36.35635	0.0002809327	1.643541e-09	2.308974673170732e-08	1	0.5192523	1	1.925846	0.0001025641	1.0	0.5192523	0.8226664241563055
GO:0035631	CD40 receptor complex	0.0004845736	12.07412	38	3.147227	0.001525063	2.001505e-09	2.789194064516129e-08	11	5.711775	10	1.750769	0.001025641	0.9090909	0.008260361	0.0689560570434782
GO:0098875	epididymosome	1.305522e-05	0.3252969	8	24.59292	0.0003210659	2.32768e-09	3.170267716535433e-08	1	0.5192523	1	1.925846	0.0001025641	1.0	0.5192523	0.8226664241563055
GO:0097361	CIA complex	4.406817e-05	1.098047	12	10.9285	0.0004815989	2.33e-09	3.170267716535433e-08	4	2.077009	3	1.444385	0.0003076923	0.75	0.3419014	0.7348328597014926
GO:0005763	mitochondrial small ribosomal subunit	0.001141417	28.44068	65	2.285459	0.002608661	2.936921e-09	3.96484335e-08	28	14.53906	18	1.238044	0.001846154	0.6428571	0.1309019	0.4529741662921349
GO:0034366	spherical high-density lipoprotein particle	0.000326551	8.136672	30	3.687011	0.001203997	3.037935e-09	4.069419906976745e-08	8	4.154018	6	1.444385	0.0006153846	0.75	0.1712166	0.53094744
GO:0034709	methylosome	0.0004093066	10.19869	34	3.333761	0.00136453	3.419461e-09	4.545252775384616e-08	12	6.231027	10	1.604872	0.001025641	0.8333333	0.02635104	0.1635977496774193
GO:0036020	endolysosome membrane	0.0006553113	16.32839	45	2.755936	0.001805996	3.926773e-09	5.179743316030535e-08	14	7.269532	11	1.513165	0.001128205	0.7857143	0.03939521	0.2161108662857143
GO:0005753	mitochondrial proton-transporting ATP synthase complex	0.0008973751	22.3599	55	2.459761	0.002207328	4.124296e-09	5.3990784000000014e-08	23	11.9428	12	1.004789	0.001230769	0.5217391	0.574114	0.8559697946505609
GO:0005686	U2 snRNP	0.0008005778	19.948	51	2.556648	0.002046795	4.362872e-09	5.668453245112781e-08	19	9.865793	13	1.317684	0.001333333	0.6842105	0.1124209	0.4336234714285714
GO:0030140	trans-Golgi network transport vesicle	0.001577381	39.3036	80	2.035437	0.003210659	7.944774e-09	1.002085362919708e-07	28	14.53906	19	1.306824	0.001948718	0.6785714	0.06577163	0.3113791140821917
GO:0031465	Cul4B-RING E3 ubiquitin ligase complex	0.000228625	5.696648	24	4.213004	0.0009631978	9.467918e-09	1.1685669363380283e-07	5	2.596261	4	1.540677	0.0004102564	0.8	0.2124582	0.6018488026229508
GO:0071817	MMXD complex	0.0001137593	2.834541	17	5.997443	0.0006822651	9.596563e-09	1.1685669363380283e-07	5	2.596261	4	1.540677	0.0004102564	0.8	0.2124582	0.6018488026229508
GO:0045261	proton-transporting ATP synthase complex, catalytic core F(1)	6.12988e-05	1.527382	13	8.511294	0.0005217322	9.602807e-09	1.1685669363380283e-07	6	3.115514	3	0.9629231	0.0003076923	0.5	0.691647	0.9821665183237468
GO:0032156	septin cytoskeleton	0.0006554481	16.3318	44	2.69413	0.001765863	1.102691e-08	1.3324825510489508e-07	7	3.634766	6	1.650725	0.0006153846	0.8571429	0.0761002	0.3238944472906404
GO:0032806	carboxy-terminal domain protein kinase complex	0.001511084	37.65168	77	2.045061	0.00309026	1.22994e-08	1.475928e-07	24	12.46205	16	1.283897	0.001641026	0.6666667	0.1064586	0.4228976110344827
GO:0048500	signal recognition particle	0.00036989	9.21655	31	3.363514	0.001244131	1.334678e-08	1.5905679889655177e-07	10	5.192523	8	1.540677	0.0008205128	0.8	0.06952829	0.3186866979310345
GO:0031616	spindle pole centrosome	0.0002896712	7.217737	27	3.740785	0.001083598	1.347967e-08	1.5954020383561646e-07	12	6.231027	6	0.9629231	0.0006153846	0.5	0.6638303	0.9700062999154692
GO:0000243	commitment complex	0.000235846	5.876574	24	4.084012	0.0009631978	1.683594e-08	1.9790819265306125e-07	8	4.154018	7	1.685115	0.0007179487	0.875	0.04439473	0.230372652972973
GO:1990498	mitotic spindle microtubule	8.993266e-05	2.240852	15	6.693882	0.0006019986	1.698482e-08	1.983092497297297e-07	2	1.038505	2	1.925846	0.0002051282	1.0	0.2696096	0.6329964521739131
GO:0000127	transcription factor TFIIIC complex	0.0002227135	5.549352	23	4.144628	0.0009230646	2.54207e-08	2.92846464e-07	6	3.115514	4	1.283897	0.0004102564	0.6666667	0.3804854	0.7892902415366145
GO:0071010	prespliceosome	0.0009512469	23.70222	55	2.320458	0.002207328	2.771358e-08	3.171461340397351e-07	21	10.9043	14	1.283897	0.001435897	0.6666667	0.1279391	0.4529741662921349
GO:0070461	SAGA-type complex	0.001378219	34.34108	71	2.067495	0.00284946	2.911765e-08	3.310217052631579e-07	25	12.98131	19	1.463643	0.001948718	0.76	0.01214675	0.0932879616
GO:0097135	cyclin E2-CDK2 complex	4.471392e-05	1.114137	11	9.873114	0.0004414657	2.968314e-08	3.352448752941177e-07	2	1.038505	2	1.925846	0.0002051282	1.0	0.2696096	0.6329964521739131
GO:0005731	nucleolus organizer region	3.508897e-06	0.08743118	5	57.18784	0.0002006662	3.957063e-08	4.3832082461538457e-07	1	0.5192523	1	1.925846	0.0001025641	1.0	0.5192523	0.8226664241563055
GO:0031588	nucleotide-activated protein kinase complex	0.0006202918	15.45581	41	2.652724	0.001645463	5.086838e-08	5.56332662278481e-07	10	5.192523	9	1.733262	0.0009230769	0.9	0.01459702	0.1077933784615384
GO:0033256	I-kappaB/NF-kappaB complex	0.0004376722	10.90548	33	3.026002	0.001324397	5.35334e-08	5.817969509433962e-07	7	3.634766	6	1.650725	0.0006153846	0.8571429	0.0761002	0.3238944472906404
GO:0071339	MLL1 complex	0.001464075	36.48035	73	2.001077	0.002929727	6.532124e-08	7.010875945341616e-07	29	15.05832	19	1.261761	0.001948718	0.6551724	0.09957863	0.4001671456744186
GO:0031105	septin complex	0.0006095064	15.18707	40	2.633819	0.00160533	8.789984e-08	9.26164167804878e-07	6	3.115514	5	1.604872	0.0005128205	0.8333333	0.1284446	0.4529741662921349
GO:0030014	CCR4-NOT complex	0.001073524	26.74899	58	2.168306	0.002327728	1.10905e-07	1.1544809638554215e-06	16	8.308036	13	1.56475	0.001333333	0.8125	0.01569217	0.1124904724897959
GO:0022624	proteasome accessory complex	0.001111364	27.69187	59	2.13059	0.002367861	1.534024e-07	1.577853257142857e-06	24	12.46205	17	1.364141	0.00174359	0.7083333	0.04789217	0.2436295038123167
GO:0097422	tubular endosome	0.0001735008	4.323119	19	4.394975	0.0007625316	1.659759e-07	1.6870962070588237e-06	5	2.596261	4	1.540677	0.0004102564	0.8	0.2124582	0.6018488026229508
GO:0035749	myelin sheath adaxonal region	0.0002892453	7.207126	25	3.468789	0.001003331	1.817573e-07	1.836705347368421e-06	6	3.115514	6	1.925846	0.0006153846	1.0	0.01958615	0.1348401083665338
GO:0098999	extrinsic component of postsynaptic endosome membrane	9.717887e-06	0.2421406	6	24.77899	0.0002407995	2.274536e-07	2.27494296416185e-06	1	0.5192523	1	1.925846	0.0001025641	1.0	0.5192523	0.8226664241563055
GO:0032593	insulin-responsive compartment	0.0002725474	6.791065	24	3.534056	0.0009631978	2.277576e-07	2.27494296416185e-06	7	3.634766	5	1.375604	0.0005128205	0.7142857	0.2593055	0.6329964521739131
GO:0036266	Cdc48p-Npl4p-Vms1p AAA ATPase complex	5.34368e-06	0.1331485	5	37.55206	0.0002006662	3.120499e-07	3.0464532610169493e-06	1	0.5192523	1	1.925846	0.0001025641	1.0	0.5192523	0.8226664241563055
GO:0005849	mRNA cleavage factor complex	0.001110143	27.66142	58	2.096783	0.002327728	3.20581e-07	3.1121571235955057e-06	20	10.38505	15	1.444385	0.001538462	0.75	0.03078152	0.1834154019310345
GO:0005712	chiasma	8.360419e-05	2.083166	13	6.240502	0.0005217322	3.255259e-07	3.1425070122905027e-06	2	1.038505	2	1.925846	0.0002051282	1.0	0.2696096	0.6329964521739131
GO:0005691	U6atac snRNP	1.709004e-05	0.4258326	7	16.43839	0.0002809327	3.472072e-07	3.296560668131868e-06	1	0.5192523	1	1.925846	0.0001025641	1.0	0.5192523	0.8226664241563055
GO:0097227	sperm annulus	0.0003657031	9.112223	28	3.072796	0.001123731	3.85404e-07	3.6392246557377047e-06	6	3.115514	5	1.604872	0.0005128205	0.8333333	0.1284446	0.4529741662921349
GO:0034515	proteasome storage granule	5.818784e-05	1.449866	11	7.586906	0.0004414657	3.966239e-07	3.7046816172972975e-06	2	1.038505	1	0.9629231	0.0001025641	0.5	0.7688949	0.996736974643661
GO:0008352	katanin complex	3.61592e-05	0.9009788	9	9.989137	0.0003611992	4.802881e-07	4.414562961702128e-06	1	0.5192523	1	1.925846	0.0001025641	1.0	0.5192523	0.8226664241563055
GO:0034364	high-density lipoprotein particle	0.001072381	26.72052	56	2.095768	0.002247462	5.114497e-07	4.651500429473684e-06	27	14.01981	17	1.21257	0.00174359	0.6296296	0.1696912	0.53094744
GO:0097346	INO80-type complex	0.0008132293	20.26324	46	2.270121	0.001846129	6.343321e-07	5.679408646632124e-06	23	11.9428	18	1.507184	0.001846154	0.7826087	0.008790338	0.0723319241142857
GO:0005940	septin ring	6.119123e-05	1.524702	11	7.214525	0.0004414657	6.446676e-07	5.712746732307693e-06	1	0.5192523	1	1.925846	0.0001025641	1.0	0.5192523	0.8226664241563055
GO:0032173	septin collar	6.119123e-05	1.524702	11	7.214525	0.0004414657	6.446676e-07	5.712746732307693e-06	1	0.5192523	1	1.925846	0.0001025641	1.0	0.5192523	0.8226664241563055
GO:0005618	cell wall	6.453061e-06	0.1607909	5	31.09628	0.0002006662	7.832199e-07	6.870071001015228e-06	1	0.5192523	1	1.925846	0.0001025641	1.0	0.5192523	0.8226664241563055
GO:0000137	Golgi cis cisterna	0.0002934807	7.312658	24	3.281981	0.0009631978	8.213613e-07	7.168244072727272e-06	7	3.634766	7	1.925846	0.0007179487	1.0	0.01016715	0.0805909871559633
GO:0031074	nucleocytoplasmic shuttling complex	7.654861e-05	1.907362	12	6.291413	0.0004815989	8.389277e-07	7.248335328000001e-06	3	1.557757	3	1.925846	0.0003076923	1.0	0.1399816	0.4529741662921349
GO:0000812	Swr1 complex	0.0003155975	7.863742	25	3.179148	0.001003331	8.630762e-07	7.419878973134328e-06	9	4.67327	8	1.711863	0.0008205128	0.8888889	0.02558327	0.161933665054945
GO:0071004	U2-type prespliceosome	0.0007500753	18.68963	43	2.300742	0.001725729	1.025915e-06	8.657322146341463e-06	16	8.308036	10	1.203654	0.001025641	0.625	0.2768475	0.6456038866396762
GO:0005689	U12-type spliceosomal complex	0.001180817	29.42242	59	2.005273	0.002367861	1.025939e-06	8.657322146341463e-06	26	13.50056	16	1.185136	0.001641026	0.6153846	0.2167356	0.6119593411764707
GO:0008540	proteasome regulatory particle, base subcomplex	0.0003644174	9.080187	27	2.973507	0.001083598	1.128326e-06	9.419069217391304e-06	12	6.231027	9	1.444385	0.0009230769	0.75	0.09339483	0.3795788078873239
GO:0000322	storage vacuole	0.0001985594	4.947504	19	3.840321	0.0007625316	1.20023e-06	9.923432727272727e-06	3	1.557757	3	1.925846	0.0003076923	1.0	0.1399816	0.4529741662921349
GO:0016580	Sin3 complex	0.001104215	27.51373	56	2.035348	0.002247462	1.222053e-06	1.00557504e-05	13	6.75028	10	1.48142	0.001025641	0.7692308	0.06115379	0.293538192
GO:0048188	Set1C/COMPASS complex	0.0004121714	10.27008	29	2.823738	0.001163864	1.271668e-06	1.0414418502369668e-05	13	6.75028	7	1.036994	0.0007179487	0.5384615	0.5563104	0.8359168445217391
GO:0030124	AP-4 adaptor complex	0.0001806551	4.501382	18	3.998772	0.0007223984	1.296949e-06	1.0571357886792453e-05	5	2.596261	4	1.540677	0.0004102564	0.8	0.2124582	0.6018488026229508
GO:0005685	U1 snRNP	0.001082811	26.9804	55	2.038517	0.002207328	1.442805e-06	1.1705009577464788e-05	19	9.865793	15	1.520405	0.001538462	0.7894737	0.01474896	0.1079923850847457
GO:0005664	nuclear origin of replication recognition complex	0.0003262157	8.128317	25	3.075667	0.001003331	1.536799e-06	1.2409292859813083e-05	9	4.67327	7	1.49788	0.0007179487	0.7777778	0.1102348	0.4290219243243243
GO:0097433	dense body	0.000513507	12.79505	33	2.579122	0.001324397	1.715097e-06	1.3720776e-05	6	3.115514	4	1.283897	0.0004102564	0.6666667	0.3804854	0.7892902415366145
GO:0070765	gamma-secretase complex	0.0001857336	4.627923	18	3.889433	0.0007223984	1.898381e-06	1.5027595397260271e-05	7	3.634766	7	1.925846	0.0007179487	1.0	0.01016715	0.0805909871559633
GO:0005786	signal recognition particle, endoplasmic reticulum targeting	0.0002451384	6.108113	21	3.438051	0.0008427981	1.904539e-06	1.5027595397260271e-05	7	3.634766	6	1.650725	0.0006153846	0.8571429	0.0761002	0.3238944472906404
GO:0035517	PR-DUB complex	0.0001372715	3.420393	15	4.385461	0.0006019986	3.241712e-06	2.511963379372197e-05	2	1.038505	2	1.925846	0.0002051282	1.0	0.2696096	0.6329964521739131
GO:0097427	microtubule bundle	0.0003194696	7.960223	24	3.014991	0.0009631978	3.414861e-06	2.634321342857143e-05	6	3.115514	5	1.604872	0.0005128205	0.8333333	0.1284446	0.4529741662921349
GO:0030126	COPI vesicle coat	0.001008404	25.12641	51	2.029737	0.002046795	3.785467e-06	2.8927839013215856e-05	13	6.75028	11	1.629562	0.001128205	0.8461538	0.01591022	0.1124904724897959
GO:0005851	eukaryotic translation initiation factor 2B complex	0.0001587091	3.954556	16	4.045966	0.0006421319	4.238743e-06	3.192660313043478e-05	6	3.115514	5	1.604872	0.0005128205	0.8333333	0.1284446	0.4529741662921349
GO:0097124	cyclin A2-CDK2 complex	2.533295e-05	0.6312212	7	11.08962	0.0002809327	4.568305e-06	3.387996154506438e-05	2	1.038505	2	1.925846	0.0002051282	1.0	0.2696096	0.6329964521739131
GO:0045120	pronucleus	0.0009094826	22.66158	47	2.073995	0.001886262	5.129606e-06	3.740067159493671e-05	15	7.788784	12	1.540677	0.001230769	0.8	0.02501972	0.1613211797014925
GO:0031931	TORC1 complex	0.0004024141	10.02695	27	2.692743	0.001083598	6.695261e-06	4.840757743933055e-05	7	3.634766	6	1.650725	0.0006153846	0.8571429	0.0761002	0.3238944472906404
GO:0005850	eukaryotic translation initiation factor 2 complex	0.0002094258	5.218262	18	3.449424	0.0007223984	9.508059e-06	6.733576209836066e-05	4	2.077009	4	1.925846	0.0004102564	1.0	0.07267502	0.318891786395939
GO:0070436	Grb2-EGFR complex	0.0001507093	3.755223	15	3.994436	0.0006019986	9.662127e-06	6.779614212145749e-05	2	1.038505	2	1.925846	0.0002051282	1.0	0.2696096	0.6329964521739131
GO:1990913	sperm head plasma membrane	1.08688e-05	0.2708178	5	18.4626	0.0002006662	9.690768e-06	6.779614212145749e-05	1	0.5192523	1	1.925846	0.0001025641	1.0	0.5192523	0.8226664241563055
GO:1990917	ooplasm	1.08688e-05	0.2708178	5	18.4626	0.0002006662	9.690768e-06	6.779614212145749e-05	1	0.5192523	1	1.925846	0.0001025641	1.0	0.5192523	0.8226664241563055
GO:0070931	Golgi-associated vesicle lumen	2.904643e-05	0.72375	7	9.671848	0.0002809327	1.098499e-05	7.654057548387097e-05	1	0.5192523	1	1.925846	0.0001025641	1.0	0.5192523	0.8226664241563055
GO:0002193	MAML1-RBP-Jkappa- ICN1 complex	0.0002840698	7.078168	21	2.96687	0.0008427981	1.694694e-05	0.00011484044047058824	3	1.557757	2	1.283897	0.0002051282	0.6666667	0.5288657	0.8226664241563055
GO:0033565	ESCRT-0 complex	0.0001259703	3.138803	13	4.141706	0.0005217322	2.556928e-05	0.00017192107330739302	3	1.557757	3	1.925846	0.0003076923	1.0	0.1399816	0.4529741662921349
GO:0035525	NF-kappaB p50/p65 complex	2.243713e-05	0.5590659	6	10.73219	0.0002407995	2.631408e-05	0.0001762431404651163	1	0.5192523	1	1.925846	0.0001025641	1.0	0.5192523	0.8226664241563055
GO:0071159	NF-kappaB complex	4.726083e-05	1.177598	8	6.793489	0.0003210659	3.240788e-05	0.0002153877563076923	2	1.038505	2	1.925846	0.0002051282	1.0	0.2696096	0.6329964521739131
GO:1990597	AIP1-IRE1 complex	0.0003482236	8.676687	23	2.650781	0.0009230646	3.886192e-05	0.0002542945014339623	3	1.557757	2	1.283897	0.0002051282	0.6666667	0.5288657	0.8226664241563055
GO:0071203	WASH complex	0.0006289115	15.67059	34	2.16967	0.00136453	4.027014e-05	0.0002616045184962406	10	5.192523	7	1.348092	0.0007179487	0.7	0.2052167	0.6018488026229508
GO:0031414	N-terminal protein acetyltransferase complex	0.000578954	14.4258	32	2.218248	0.001284264	4.439649e-05	0.00028625796537313434	10	5.192523	7	1.348092	0.0007179487	0.7	0.2052167	0.6018488026229508
GO:0097575	lateral cell cortex	8.083602e-05	2.014191	10	4.964772	0.0004013324	4.921943e-05	0.00031384197431734315	2	1.038505	2	1.925846	0.0002051282	1.0	0.2696096	0.6329964521739131
GO:0033257	Bcl3/NF-kappaB2 complex	8.203765e-05	2.044132	10	4.892052	0.0004013324	5.554047e-05	0.00035155286505494503	2	1.038505	2	1.925846	0.0002051282	1.0	0.2696096	0.6329964521739131
GO:0016507	mitochondrial fatty acid beta-oxidation multienzyme complex	2.574689e-05	0.6415352	6	9.352566	0.0002407995	5.602547e-05	0.0003533285115328467	1	0.5192523	1	1.925846	0.0001025641	1.0	0.5192523	0.8226664241563055
GO:0030130	clathrin coat of trans-Golgi network vesicle	0.0006683597	16.65352	35	2.101658	0.001404663	5.821582e-05	0.00036580704349090906	12	6.231027	8	1.283897	0.0008205128	0.6666667	0.2331256	0.6329964521739131
GO:0031084	BLOC-2 complex	8.459069e-05	2.107746	10	4.744404	0.0004013324	7.129314e-05	0.00044155751225806455	3	1.557757	3	1.925846	0.0003076923	1.0	0.1399816	0.4529741662921349
GO:0043614	multi-eIF complex	8.606804e-05	2.144557	10	4.662967	0.0004013324	8.203168e-05	0.0005062526537142857	2	1.038505	2	1.925846	0.0002051282	1.0	0.2696096	0.6329964521739131
GO:0030914	STAGA complex	0.0005193688	12.94111	29	2.24092	0.001163864	8.245369e-05	0.000507046179074733	12	6.231027	10	1.604872	0.001025641	0.8333333	0.02635104	0.1635977496774193
GO:0090576	RNA polymerase III transcription factor complex	0.0004166985	10.38288	25	2.407811	0.001003331	8.342762e-05	0.0005112160544680851	8	4.154018	5	1.203654	0.0005128205	0.625	0.4061202	0.8226664241563055
GO:0017102	methionyl glutamyl tRNA synthetase complex	0.0001622763	4.043437	14	3.462401	0.0005618654	8.517513e-05	0.0005200799457243816	2	1.038505	2	1.925846	0.0002051282	1.0	0.2696096	0.6329964521739131
GO:0071149	TEAD-2-YAP complex	0.0001433337	3.571446	13	3.639982	0.0005217322	9.241214e-05	0.0005603093962105263	2	1.038505	2	1.925846	0.0002051282	1.0	0.2696096	0.6329964521739131
GO:0030056	hemidesmosome	0.0006581077	16.39807	34	2.073415	0.00136453	9.43591e-05	0.000570113723076923	7	3.634766	7	1.925846	0.0007179487	1.0	0.01016715	0.0805909871559633
GO:0005750	mitochondrial respiratory chain complex III	0.0007163997	17.85053	36	2.016747	0.001444797	0.0001025643	0.0006153858	14	7.269532	9	1.238044	0.0009230769	0.6428571	0.2566337	0.6329964521739131
GO:0042627	chylomicron	0.000717279	17.87244	36	2.014274	0.001444797	0.0001049843	0.0006277261951557094	14	7.269532	11	1.513165	0.001128205	0.7857143	0.03939521	0.2161108662857143
GO:0000177	cytoplasmic exosome (RNase complex)	0.000349092	8.698325	22	2.529223	0.0008829313	0.0001091647	0.00065047104	13	6.75028	7	1.036994	0.0007179487	0.5384615	0.5563104	0.8359168445217391
GO:0020018	ciliary pocket membrane	0.0001076674	2.682749	11	4.100271	0.0004414657	0.0001134832	0.0006738796206185567	3	1.557757	3	1.925846	0.0003076923	1.0	0.1399816	0.4529741662921349
GO:0043625	delta DNA polymerase complex	0.000127271	3.171212	12	3.784042	0.0004815989	0.0001188515	0.0006978823810169491	5	2.596261	4	1.540677	0.0004102564	0.8	0.2124582	0.6018488026229508
GO:0001520	outer dense fiber	0.0002329808	5.805182	17	2.928418	0.0006822651	0.0001191408	0.0006978823810169491	6	3.115514	4	1.283897	0.0004102564	0.6666667	0.3804854	0.7892902415366145
GO:0033553	rDNA heterochromatin	0.000210911	5.255268	16	3.044564	0.0006421319	0.0001207481	0.000704907827027027	5	2.596261	3	1.155508	0.0003076923	0.6	0.5360662	0.8226664241563055
GO:0000806	Y chromosome	5.791041e-05	1.442954	8	5.544184	0.0003210659	0.0001305937	0.000759817890909	2	1.038505	2	1.925846	0.0002051282	1.0	0.2696096	0.6329964521739131
GO:0036488	CHOP-C/EBP complex	0.0001287828	3.20888	12	3.739622	0.0004815989	0.0001323635	0.0007675306308724832	2	1.038505	2	1.925846	0.0002051282	1.0	0.2696096	0.6329964521739131
GO:1990879	CST complex	5.907119e-05	1.471877	8	5.435237	0.0003210659	0.0001492496	0.0008539844662251655	3	1.557757	2	1.283897	0.0002051282	0.6666667	0.5288657	0.8226664241563055
GO:0030121	AP-1 adaptor complex	0.0002159867	5.381742	16	2.973015	0.0006421319	0.0001572652	0.0008968787643564356	6	3.115514	4	1.283897	0.0004102564	0.6666667	0.3804854	0.7892902415366145
GO:0016222	procollagen-proline 4-dioxygenase complex	5.990314e-05	1.492607	8	5.359751	0.0003210659	0.000163927	0.0009317955789473684	2	1.038505	2	1.925846	0.0002051282	1.0	0.2696096	0.6329964521739131
GO:1990130	Iml1 complex	0.0001753252999999	4.368582	14	3.204701	0.0005618654	0.0001869553	0.0010557475764705	5	2.596261	4	1.540677	0.0004102564	0.8	0.2124582	0.6018488026229508
GO:0042564	NLS-dependent protein nuclear import complex	2.061119e-05	0.5135691	5	9.735788	0.0002006662	0.0001945255	0.0010949187752442	1	0.5192523	1	1.925846	0.0001025641	1.0	0.5192523	0.8226664241563055
GO:0005736	DNA-directed RNA polymerase I complex	0.0006314285	15.7333	32	2.033902	0.001284264	0.0002065252	0.0011586868363636	14	7.269532	9	1.238044	0.0009230769	0.6428571	0.2566337	0.6329964521739131
GO:0072589	box H/ACA scaRNP complex	4.694085e-05	1.169625	7	5.984823	0.0002809327	0.0002152826	0.00120002688	4	2.077009	3	1.444385	0.0003076923	0.75	0.3419014	0.7348328597014926
GO:0090661	box H/ACA telomerase RNP complex	4.694085e-05	1.169625	7	5.984823	0.0002809327	0.0002152826	0.00120002688	4	2.077009	3	1.444385	0.0003076923	0.75	0.3419014	0.7348328597014926
GO:0005967	mitochondrial pyruvate dehydrogenase complex	0.0001789462	4.458803	14	3.139856	0.0005618654	0.0002292607	0.0012576586971428	3	1.557757	3	1.925846	0.0003076923	1.0	0.1399816	0.4529741662921349
GO:0031264	death-inducing signaling complex	0.0005259263	13.10451	28	2.13667	0.001123731	0.0002307128	0.001257738155205	9	4.67327	7	1.49788	0.0007179487	0.7777778	0.1102348	0.4290219243243243
GO:0036449	microtubule minus-end	0.0006094713	15.1862	31	2.041327	0.001244131	0.0002413366	0.0013073029617554	8	4.154018	5	1.203654	0.0005128205	0.625	0.4061202	0.8226664241563055
GO:0032798	Swi5-Sfr1 complex	6.357067e-05	1.58399	8	5.050536	0.0003210659	0.0002435081	0.00131494374	2	1.038505	2	1.925846	0.0002051282	1.0	0.2696096	0.6329964521739131
GO:0072487	MSL complex	0.0002718826	6.7745	18	2.657023	0.0007223984	0.0002465287	0.0013271077682242	4	2.077009	3	1.444385	0.0003076923	0.75	0.3419014	0.7348328597014926
GO:0005757	mitochondrial permeability transition pore complex	0.0002029598	5.057149	15	2.966098	0.0006019986	0.0002541656	0.0013639694310559	4	2.077009	2	0.9629231	0.0002051282	0.5	0.71583	0.9944671948553054
GO:0034365	discoidal high-density lipoprotein particle	9.968527e-05	2.483858	10	4.025995	0.0004013324	0.0002634436	0.0014093824792569	3	1.557757	2	1.283897	0.0002051282	0.6666667	0.5288657	0.8226664241563055
GO:1902636	kinociliary basal body	8.161146e-05	2.033513	9	4.425839	0.0003611992	0.0002674987	0.0014238959261538	2	1.038505	2	1.925846	0.0002051282	1.0	0.2696096	0.6329964521739131
GO:0032133	chromosome passenger complex	8.16244e-05	2.033835	9	4.425138	0.0003611992	0.0002678045	0.0014238959261538	5	2.596261	2	0.7703385	0.0002051282	0.4	0.8356725	1.0
GO:0070618	Grb2-Sos complex	4.882023e-05	1.216454	7	5.754432	0.0002809327	0.0002721966	0.0014340113560975	1	0.5192523	1	1.925846	0.0001025641	1.0	0.5192523	0.8226664241563055
GO:0000120	RNA polymerase I transcription factor complex	0.0001606859	4.00381	13	3.246907	0.0005217322	0.0002757553	0.0014474991371601	5	2.596261	3	1.155508	0.0003076923	0.6	0.5360662	0.8226664241563055
GO:0072546	ER membrane protein complex	0.0004517963	11.25741	25	2.22076	0.001003331	0.0002772698	0.0014474991371601	10	5.192523	8	1.540677	0.0008205128	0.8	0.06952829	0.3186866979310345
GO:0097413	Lewy body	0.0005325881	13.2705	28	2.109944	0.001123731	0.0002807197	0.001461095306024	8	4.154018	8	1.925846	0.0008205128	1.0	0.00527749	0.047746087539267
GO:0045254	pyruvate dehydrogenase complex	0.0005065018	12.62051	27	2.139376	0.001083598	0.000288908	0.0014991982702702	7	3.634766	7	1.925846	0.0007179487	1.0	0.01016715	0.0805909871559633
GO:0000172	ribonuclease MRP complex	0.0001837099	4.577499	14	3.058439	0.0005618654	0.0002972608	0.001533333320597	6	3.115514	3	0.9629231	0.0003076923	0.5	0.691647	0.9821665183237468
GO:0000799	nuclear condensin complex	0.0001208108	3.010243	11	3.65419	0.0004414657	0.0003003851	0.0015448376571428	3	1.557757	3	1.925846	0.0003076923	1.0	0.1399816	0.4529741662921349
GO:0001939	female pronucleus	0.000432606	10.77924	24	2.226502	0.0009631978	0.0003493343	0.0017859457704142	8	4.154018	6	1.444385	0.0006153846	0.75	0.1712166	0.53094744
GO:0000235	astral microtubule	0.0003567555	8.889277	21	2.362397	0.0008427981	0.000374354	0.001908211539823	6	3.115514	5	1.604872	0.0005128205	0.8333333	0.1284446	0.4529741662921349
GO:0016533	cyclin-dependent protein kinase 5 holoenzyme complex	0.0001894443	4.720384	14	2.96586	0.0005618654	0.000401404	0.0020340941700879	3	1.557757	3	1.925846	0.0003076923	1.0	0.1399816	0.4529741662921349
GO:0030981	cortical microtubule cytoskeleton	0.0001902708	4.740978	14	2.952977	0.0005618654	0.0004187162	0.0021156186947368	3	1.557757	3	1.925846	0.0003076923	1.0	0.1399816	0.4529741662921349
GO:0032996	Bcl3-Bcl10 complex	2.475358e-05	0.616785	5	8.106552	0.0002006662	0.0004465087	0.0022299625248554	1	0.5192523	1	1.925846	0.0001025641	1.0	0.5192523	0.8226664241563055
GO:0036501	UFD1-NPL4 complex	3.940258e-05	0.9817941	6	6.111261	0.0002407995	0.0005401447	0.0026667715474285	2	1.038505	2	1.925846	0.0002051282	1.0	0.2696096	0.6329964521739131
GO:0035339	SPOTS complex	0.0001309212	3.262163	11	3.371995	0.0004414657	0.0005805268	0.0028498588363636	4	2.077009	2	0.9629231	0.0002051282	0.5	0.71583	0.9944671948553054
GO:0042565	RNA nuclear export complex	5.593742e-05	1.393793	7	5.022268	0.0002809327	0.0006061443	0.0029421835685393	2	1.038505	2	1.925846	0.0002051282	1.0	0.2696096	0.6329964521739131
GO:1990357	terminal web	7.367866e-05	1.835851	8	4.357652	0.0003210659	0.0006369147	0.0030742698368715	3	1.557757	3	1.925846	0.0003076923	1.0	0.1399816	0.4529741662921349
GO:0033186	CAF-1 complex	9.294253e-05	2.315849	9	3.886264	0.0003611992	0.0006725167	0.0032370720267409	3	1.557757	3	1.925846	0.0003076923	1.0	0.1399816	0.4529741662921349
GO:0000138	Golgi trans cisterna	0.0004022949	10.02398	22	2.194736	0.0008829313	0.0007192323	0.00345231504	7	3.634766	6	1.650725	0.0006153846	0.8571429	0.0761002	0.3238944472906404
GO:0097134	cyclin E1-CDK2 complex	7.639918e-05	1.903638	8	4.202479	0.0003210659	0.0008026346	0.003820806029752	2	1.038505	2	1.925846	0.0002051282	1.0	0.2696096	0.6329964521739131
GO:0033593	BRCA2-MAGE-D1 complex	7.741222e-05	1.92888	8	4.147484	0.0003210659	0.0008725318	0.0041307806860273	1	0.5192523	1	1.925846	0.0001025641	1.0	0.5192523	0.8226664241563055
GO:0031501	mannosyltransferase complex	7.755281e-05	1.932383	8	4.139965	0.0003210659	0.0008826056	0.0041670559475409	4	2.077009	3	1.444385	0.0003076923	0.75	0.3419014	0.7348328597014926
GO:0031510	SUMO activating enzyme complex	0.0001393609	3.472454	11	3.167788	0.0004414657	0.0009567673	0.0044804712585365	3	1.557757	3	1.925846	0.0003076923	1.0	0.1399816	0.4529741662921349
GO:0034715	pICln-Sm protein complex	0.0002813605	7.01066	17	2.424879	0.0006822651	0.0009718741	0.0045326958967741	6	3.115514	5	1.604872	0.0005128205	0.8333333	0.1284446	0.4529741662921349
GO:0043219	lateral loop	0.0002569082	6.401382	16	2.49946	0.0006421319	0.0009920263	0.004595767952815	4	2.077009	4	1.925846	0.0004102564	1.0	0.07267502	0.318891786395939
GO:0016602	CCAAT-binding factor complex	0.0001864535	4.645863	13	2.798189	0.0005217322	0.001067223	0.0048916746525198	4	2.077009	3	1.444385	0.0003076923	0.75	0.3419014	0.7348328597014926
GO:0001940	male pronucleus	0.0003355466	8.360814	19	2.272506	0.0007625316	0.001075517	0.0049166491428571	6	3.115514	5	1.604872	0.0005128205	0.8333333	0.1284446	0.4529741662921349
GO:0071540	eukaryotic translation initiation factor 3 complex, eIF3e	4.559795e-05	1.136164	6	5.280927	0.0002407995	0.001139631	0.0051687201259842	1	0.5192523	1	1.925846	0.0001025641	1.0	0.5192523	0.8226664241563055
GO:0005715	late recombination nodule	6.305427e-05	1.571123	7	4.455411	0.0002809327	0.0012046	0.0054490806282722	1	0.5192523	1	1.925846	0.0001025641	1.0	0.5192523	0.8226664241563055
GO:0005760	gamma DNA polymerase complex	0.0001242247	3.095308	10	3.230696	0.0004013324	0.001384399	0.006193777116279	2	1.038505	2	1.925846	0.0002051282	1.0	0.2696096	0.6329964521739131
GO:0070418	DNA-dependent protein kinase complex	0.0001483489	3.69641	11	2.97586	0.0004414657	0.001558933	0.0069072723692307	1	0.5192523	1	1.925846	0.0001025641	1.0	0.5192523	0.8226664241563055
GO:0031417	NatC complex	0.0001964369	4.894619	13	2.655978	0.0005217322	0.001680608	0.0072967101105527	3	1.557757	3	1.925846	0.0003076923	1.0	0.1399816	0.4529741662921349
GO:0005862	muscle thin filament tropomyosin	0.0002753034	6.859734	16	2.332452	0.0006421319	0.001974789	0.0084968589975186	4	2.077009	4	1.925846	0.0004102564	1.0	0.07267502	0.318891786395939
GO:0032783	ELL-EAF complex	5.092427e-05	1.26888	6	4.728579	0.0002407995	0.001978861	0.0084968589975186	2	1.038505	2	1.925846	0.0002051282	1.0	0.2696096	0.6329964521739131
GO:0031533	mRNA cap methyltransferase complex	7.014763e-05	1.747869	7	4.004878	0.0002809327	0.002185449	0.0093245824	2	1.038505	2	1.925846	0.0002051282	1.0	0.2696096	0.6329964521739131
GO:0005687	U4 snRNP	0.0003597633	8.964223	19	2.119537	0.0007625316	0.002320194	0.0098026778288508	10	5.192523	6	1.155508	0.0006153846	0.6	0.4251256	0.8226664241563055
GO:0005945	6-phosphofructokinase complex	3.648701e-05	0.9091468	5	5.499662	0.0002006662	0.00244675	0.0103121560975609	2	1.038505	2	1.925846	0.0002051282	1.0	0.2696096	0.6329964521739131
GO:0005683	U7 snRNP	0.0002816216	7.017166	16	2.280123	0.0006421319	0.002460177	0.0103435178978102	7	3.634766	5	1.375604	0.0005128205	0.7142857	0.2593055	0.6329964521739131
GO:1990622	CHOP-ATF3 complex	7.396664e-05	1.843027	7	3.7981	0.0002809327	0.002921343	0.0121640498891566	2	1.038505	1	0.9629231	0.0001025641	0.5	0.7688949	0.996736974643661
GO:0005749	mitochondrial respiratory chain complex II, succinate dehydrogenase complex (ubiquinone)	0.0002097958	5.227482	13	2.486857	0.0005217322	0.002931487	0.012176946	6	3.115514	4	1.283897	0.0004102564	0.6666667	0.3804854	0.7892902415366145
GO:0031251	PAN complex	0.0001381759	3.442929	10	2.904504	0.0004013324	0.002954768	0.0122381672727272	2	1.038505	2	1.925846	0.0002051282	1.0	0.2696096	0.6329964521739131
GO:0008541	proteasome regulatory particle, lid subcomplex	0.0002609502	6.502096	15	2.306949	0.0006019986	0.00296039	0.0122381672727272	7	3.634766	5	1.375604	0.0005128205	0.7142857	0.2593055	0.6329964521739131
GO:0000015	phosphopyruvate hydratase complex	0.0001400083	3.488587	10	2.86649	0.0004013324	0.003238273	0.0132286897021276	4	2.077009	4	1.925846	0.0004102564	1.0	0.07267502	0.318891786395939
GO:0030312	external encapsulating structure	3.935254e-05	0.9805472	5	5.099193	0.0002006662	0.003369417	0.0136674943098591	2	1.038505	1	0.9629231	0.0001025641	0.5	0.7688949	0.996736974643661
GO:0005656	nuclear pre-replicative complex	5.711829e-05	1.423216	6	4.215803	0.0002407995	0.003464295	0.0140194420608899	2	1.038505	1	0.9629231	0.0001025641	0.5	0.7688949	0.996736974643661
GO:0031415	NatA complex	0.0002931729	7.30499	16	2.190284	0.0006421319	0.003603324	0.0145140882797202	5	2.596261	3	1.155508	0.0003076923	0.6	0.5360662	0.8226664241563055
GO:0000125	PCAF complex	0.0001662576	4.142641	11	2.655311	0.0004414657	0.003676522	0.0147402088538283	4	2.077009	3	1.444385	0.0003076923	0.75	0.3419014	0.7348328597014926
GO:0032144	4-aminobutyrate transaminase complex	5.791279e-05	1.443013	6	4.157967	0.0002407995	0.003702154	0.0147744159630485	1	0.5192523	1	1.925846	0.0001025641	1.0	0.5192523	0.8226664241563055
GO:0072357	PTW/PP1 phosphatase complex	0.0003766845	9.385849	19	2.024324	0.0007625316	0.003773866	0.0150258996497695	7	3.634766	5	1.375604	0.0005128205	0.7142857	0.2593055	0.6329964521739131
GO:0042587	glycogen granule	0.0003786568	9.434993	19	2.01378	0.0007625316	0.003984045	0.0157178761643835	5	2.596261	3	1.155508	0.0003076923	0.6	0.5360662	0.8226664241563055
GO:0031429	box H/ACA snoRNP complex	0.0001246217	3.105198	9	2.898366	0.0003611992	0.004730036	0.0184087887567567	5	2.596261	4	1.540677	0.0004102564	0.8	0.2124582	0.6018488026229508
GO:0098592	cytoplasmic side of apical plasma membrane	0.0002242419	5.587436	13	2.326649	0.0005217322	0.005047535	0.0195563687892376	3	1.557757	3	1.925846	0.0003076923	1.0	0.1399816	0.4529741662921349
GO:0098577	inactive sex chromosome	4.365798e-05	1.087826	5	4.596323	0.0002006662	0.005190777	0.019976976962138	1	0.5192523	1	1.925846	0.0001025641	1.0	0.5192523	0.8226664241563055
GO:1990072	TRAPPIII protein complex	8.424722e-05	2.099188	7	3.334623	0.0002809327	0.005847888	0.0223071754172185	1	0.5192523	1	1.925846	0.0001025641	1.0	0.5192523	0.8226664241563055
GO:1990423	RZZ complex	0.0001062313	2.646964	8	3.02233	0.0003210659	0.005909153	0.0224912255154185	3	1.557757	3	1.925846	0.0003076923	1.0	0.1399816	0.4529741662921349
GO:0072687	meiotic spindle	0.0002303103	5.738642	13	2.265344	0.0005217322	0.006239899	0.0235426757030567	8	4.154018	3	0.7221923	0.0003076923	0.375	0.8793428	1.0
GO:1990584	cardiac Troponin complex	4.578313e-05	1.140778	5	4.382972	0.0002006662	0.006307228	0.0237448583529411	3	1.557757	3	1.925846	0.0003076923	1.0	0.1399816	0.4529741662921349
GO:0097165	nuclear stress granule	0.0001793949	4.469982	11	2.46086	0.0004414657	0.006356478	0.0238782477913043	5	2.596261	4	1.540677	0.0004102564	0.8	0.2124582	0.6018488026229508
GO:0070993	translation preinitiation complex	6.567437e-05	1.636408	6	3.666567	0.0002407995	0.006705713	0.0249192947612903	2	1.038505	2	1.925846	0.0002051282	1.0	0.2696096	0.6329964521739131
GO:0071458	integral component of cytoplasmic side of endoplasmic reticulum membrane	0.0003156775	7.865735	16	2.034139	0.0006421319	0.007079391	0.0262514756394849	6	3.115514	3	0.9629231	0.0003076923	0.5	0.691647	0.9821665183237468
GO:0005785	signal recognition particle receptor complex	0.000264022	6.578636	14	2.128101	0.0005618654	0.007822051	0.0285668403037974	7	3.634766	3	0.8253626	0.0003076923	0.4285714	0.8038382	1.0
GO:0033588	Elongator holoenzyme complex	0.0002640802	6.580087	14	2.127632	0.0005618654	0.007836043	0.0285668403037974	6	3.115514	4	1.283897	0.0004102564	0.6666667	0.3804854	0.7892902415366145
GO:0031213	RSF complex	0.0001855637	4.623691	11	2.379052	0.0004414657	0.008052781	0.0291870611320754	2	1.038505	2	1.925846	0.0002051282	1.0	0.2696096	0.6329964521739131
GO:0009328	phenylalanine-tRNA ligase complex	8.963107e-05	2.233337	7	3.134323	0.0002809327	0.008056845	0.0291870611320754	3	1.557757	2	1.283897	0.0002051282	0.6666667	0.5288657	0.8226664241563055
GO:0005784	Sec61 translocon complex	0.0002662462	6.634057	14	2.110323	0.0005618654	0.008370921	0.0301982285762004	5	2.596261	3	1.155508	0.0003076923	0.6	0.5360662	0.8226664241563055
GO:0030896	checkpoint clamp complex	0.0001871871	4.664141	11	2.358419	0.0004414657	0.008552749	0.0307258841413721	6	3.115514	3	0.9629231	0.0003076923	0.5	0.691647	0.9821665183237468
GO:0034455	t-UTP complex	0.0002140012	5.332267	12	2.25045	0.0004815989	0.008781998	0.0314188251428571	3	1.557757	3	1.925846	0.0003076923	1.0	0.1399816	0.4529741662921349
GO:0031838	haptoglobin-hemoglobin complex	4.982715e-05	1.241543	5	4.027247	0.0002006662	0.008878123	0.0316317454515463	4	2.077009	1	0.4814615	0.0001025641	0.25	0.9466027	1.0
GO:0097524	sperm plasma membrane	0.0002163319	5.390342	12	2.226204	0.0004815989	0.009500109	0.0336397302295082	7	3.634766	2	0.5502418	0.0002051282	0.2857143	0.9492241	1.0
GO:0005971	ribonucleoside-diphosphate reductase complex	0.0001907243	4.752276	11	2.31468	0.0004414657	0.009725104	0.0343002322285714	2	1.038505	2	1.925846	0.0002051282	1.0	0.2696096	0.6329964521739131
GO:0043260	laminin-11 complex	0.0001166633	2.9069	8	2.752073	0.0003210659	0.01001055	0.0352306118126272	3	1.557757	2	1.283897	0.0002051282	0.6666667	0.5288657	0.8226664241563055
GO:0005965	protein farnesyltransferase complex	0.0001168172	2.910734	8	2.748448	0.0003210659	0.01008362	0.0353570881947261	3	1.557757	2	1.283897	0.0002051282	0.6666667	0.5288657	0.8226664241563055
GO:0098575	lumenal side of lysosomal membrane	7.269727e-05	1.811398	6	3.312359	0.0002407995	0.01067465	0.037114276056338	2	1.038505	2	1.925846	0.0002051282	1.0	0.2696096	0.6329964521739131
GO:0042765	GPI-anchor transamidase complex	0.0002203667	5.490878	12	2.185443	0.0004815989	0.01085005	0.0376483662650602	5	2.596261	5	1.925846	0.0005128205	1.0	0.03772922	0.2109905895145631
GO:0044611	nuclear pore inner ring	0.0001187085	2.957859	8	2.704659	0.0003210659	0.0110145	0.0381423967935871	3	1.557757	2	1.283897	0.0002051282	0.6666667	0.5288657	0.8226664241563055
GO:0070176	DRM complex	5.265251e-05	1.311943	5	3.811142	0.0002006662	0.01105283	0.03819858048	1	0.5192523	1	1.925846	0.0001025641	1.0	0.5192523	0.8226664241563055
GO:0071821	FANCM-MHF complex	7.333178e-05	1.827208	6	3.283698	0.0002407995	0.01110032	0.0382861336526946	3	1.557757	2	1.283897	0.0002051282	0.6666667	0.5288657	0.8226664241563055
GO:0034657	GID complex	7.455554e-05	1.8577	6	3.2298	0.0002407995	0.0119549	0.040585593713163	3	1.557757	2	1.283897	0.0002051282	0.6666667	0.5288657	0.8226664241563055
GO:0098559	cytoplasmic side of early endosome membrane	0.0001207097	3.007724	8	2.659818	0.0003210659	0.01206698	0.0408857675294117	3	1.557757	2	1.283897	0.0002051282	0.6666667	0.5288657	0.8226664241563055
GO:0061673	mitotic spindle astral microtubule	0.0001207567	3.008895	8	2.658784	0.0003210659	0.01209254	0.0408921900587084	3	1.557757	2	1.283897	0.0002051282	0.6666667	0.5288657	0.8226664241563055
GO:0031428	box C/D snoRNP complex	0.0001970357	4.909539	11	2.240536	0.0004414657	0.01211951	0.04090334625	6	3.115514	2	0.6419487	0.0002051282	0.3333333	0.9076853	1.0
GO:0016028	rhabdomere	5.464592e-05	1.361612	5	3.672117	0.0002006662	0.0127889	0.0428279441860465	1	0.5192523	1	1.925846	0.0001025641	1.0	0.5192523	0.8226664241563055
GO:0071986	Ragulator complex	0.0001471258	3.665935	9	2.455036	0.0003611992	0.01297693	0.0433735687427466	6	3.115514	3	0.9629231	0.0003076923	0.5	0.691647	0.9821665183237468
GO:0000798	nuclear cohesin complex	0.0001745033	4.348098	10	2.299856	0.0004013324	0.01382562	0.0457675696551724	5	2.596261	2	0.7703385	0.0002051282	0.4	0.8356725	1.0
GO:0000214	tRNA-intron endonuclease complex	7.82823e-05	1.95056	6	3.07604	0.0002407995	0.01484078	0.048940587480916	4	2.077009	1	0.4814615	0.0001025641	0.25	0.9466027	1.0
GO:0098576	lumenal side of membrane	0.0002312495	5.762044	12	2.082594	0.0004815989	0.01523159	0.0501336905142857	4	2.077009	4	1.925846	0.0004102564	1.0	0.07267502	0.318891786395939
GO:1990037	Lewy body core	0.0001527109	3.805097	9	2.365249	0.0003611992	0.01610002	0.0526909745454545	3	1.557757	3	1.925846	0.0003076923	1.0	0.1399816	0.4529741662921349
GO:0071595	Nem1-Spo7 phosphatase complex	8.109847e-05	2.020731	6	2.969223	0.0002407995	0.01731895	0.0563599728813559	2	1.038505	2	1.925846	0.0002051282	1.0	0.2696096	0.6329964521739131
GO:0005853	eukaryotic translation elongation factor 1 complex	0.0001055991	2.631214	7	2.660369	0.0002809327	0.01817931	0.0588274301123595	4	2.077009	2	0.9629231	0.0002051282	0.5	0.71583	0.9944671948553054
GO:0005674	transcription factor TFIIF complex	8.243898e-05	2.054132	6	2.920942	0.0002407995	0.01859272	0.059999319402985	2	1.038505	2	1.925846	0.0002051282	1.0	0.2696096	0.6329964521739131
GO:0097451	glial limiting end-foot	0.0001581747	3.941239	9	2.283546	0.0003611992	0.019656	0.0626670996309963	3	1.557757	3	1.925846	0.0003076923	1.0	0.1399816	0.4529741662921349
GO:1905286	serine-type peptidase complex	0.0001870499	4.660723	10	2.14559	0.0004013324	0.02111283	0.0665747632116788	3	1.557757	3	1.925846	0.0003076923	1.0	0.1399816	0.4529741662921349
GO:0005713	recombination nodule	0.0001121513	2.794473	7	2.504945	0.0002809327	0.0241791	0.0749484077419354	2	1.038505	1	0.9629231	0.0001025641	0.5	0.7688949	0.996736974643661
GO:0034066	RIC1-RGP1 guanyl-nucleotide exchange factor complex	0.0001121741	2.795041	7	2.504436	0.0002809327	0.02420209	0.0749484077419354	2	1.038505	2	1.925846	0.0002051282	1.0	0.2696096	0.6329964521739131
GO:0097632	extrinsic component of pre-autophagosomal structure membrane	8.923517e-05	2.223473	6	2.698481	0.0002407995	0.02603741	0.0800580862633452	2	1.038505	2	1.925846	0.0002051282	1.0	0.2696096	0.6329964521739131
GO:1903349	omegasome membrane	0.0001429126	3.560954	8	2.246589	0.0003210659	0.02915083	0.0882182736252189	4	2.077009	3	1.444385	0.0003076923	0.75	0.3419014	0.7348328597014926
GO:0001405	presequence translocase-associated import motor	9.218887e-05	2.29707	6	2.612023	0.0002407995	0.02981173	0.0899034370680628	3	1.557757	1	0.6419487	0.0001025641	0.3333333	0.8889095	1.0
GO:0070652	HAUS complex	0.0001196368	2.980989	7	2.348214	0.0002809327	0.03255037	0.0971451456994818	9	4.67327	5	1.069915	0.0005128205	0.5555556	0.5472952	0.8281314409807355
GO:0032302	MutSbeta complex	9.529677e-05	2.37451	6	2.526838	0.0002407995	0.0341519	0.1016367366609294	2	1.038505	2	1.925846	0.0002051282	1.0	0.2696096	0.6329964521739131
GO:0035354	Toll-like receptor 1-Toll-like receptor 2 protein complex	0.0001224594	3.051321	7	2.294088	0.0002809327	0.03615277	0.1071560661406518	2	1.038505	1	0.9629231	0.0001025641	0.5	0.7688949	0.996736974643661
GO:0030692	Noc4p-Nop14p complex	7.376001e-05	1.837878	5	2.720528	0.0002006662	0.03920285	0.1146235614213197	2	1.038505	2	1.925846	0.0002051282	1.0	0.2696096	0.6329964521739131
GO:0043190	ATP-binding cassette (ABC) transporter complex	0.0001520304	3.788141	8	2.111854	0.0003210659	0.03949587	0.1152852421621621	8	4.154018	3	0.7221923	0.0003076923	0.375	0.8793428	1.0
GO:1903767	sweet taste receptor complex	9.933466e-05	2.475122	6	2.424123	0.0002407995	0.04037161	0.1174446836363636	2	1.038505	2	1.925846	0.0002051282	1.0	0.2696096	0.6329964521739131
GO:0005873	plus-end kinesin complex	0.0001531738	3.816632	8	2.096089	0.0003210659	0.0409454	0.118515328643216	3	1.557757	2	1.283897	0.0002051282	0.6666667	0.5288657	0.8226664241563055
GO:0043564	Ku70:Ku80 complex	0.0001261892	3.144257	7	2.226281	0.0002809327	0.04130242	0.1191495521869783	3	1.557757	3	1.925846	0.0003076923	1.0	0.1399816	0.4529741662921349
GO:0036117	hyaluranon cable	0.0001028429	2.562536	6	2.341431	0.0002407995	0.04632072	0.1320828451485148	2	1.038505	2	1.925846	0.0002051282	1.0	0.2696096	0.6329964521739131
